Title,Price
"Pop Gun War, Volume 1: Gift",18.97
America's Cradle of Quarterbacks: Western Pennsylvania's Football Factory from Johnny Unitas to Joe Montana,22.5
"We Love You, Charlie Freeman",50.27
"The Bulletproof Diet: Lose up to a Pound a Day, Reclaim Energy and Focus, Upgrade Your Life",49.05
The Nameless City (The Nameless City #1),38.16
When We Collided,31.77
The Activist's Tao Te Ching: Ancient Advice for a Modern Revolution,32.24
Untitled Collection: Sabbath Poems 2014,14.27
Obsidian (Lux #1),14.86
"Layered: Baking, Building, and Styling Spectacular Cakes",40.11
The Secret of Dreadwillow Carse,56.13
Sharp Objects,47.82
"Saga, Volume 6 (Saga (Collected Editions) #6)",25.02
Aladdin and His Wonderful Lamp,53.13
The Five Love Languages: How to Express Heartfelt Commitment to Your Mate,31.05
Throwing Rocks at the Google Bus: How Growth Became the Enemy of Prosperity,31.12
The Black Maria,52.15
The Natural History of Us (The Fine Art of Pretending #2),45.22
Worlds Elsewhere: Journeys Around Shakespeareâs Globe,40.3
Rip it Up and Start Again,35.02
Masks and Shadows,56.4
"The Coming Woman: A Novel Based on the Life of the Infamous Feminist, Victoria Woodhull",17.93
The Death of Humanity: and the Case for Life,58.11
Reasons to Stay Alive,26.41
Mesaerion: The Best Science Fiction Stories 1800-1849,37.59
The Murder That Never Was (Forensic Instincts #5),54.11
Sophie's World,15.94
#HigherSelfie: Wake Up Your Life. Free Your Soul. Find Your Tribe.,23.11
Private Paris (Private #10),47.61
The Dirty Little Secrets of Getting Your Dream Job,33.34
The Past Never Ends,56.5
The Gutsy Girl: Escapades for Your Life of Epic Adventure,37.13
"The Inefficiency Assassin: Time Management Tactics for Working Smarter, Not Longer",20.59
The Torch Is Passed: A Harding Family Story,19.09
Security,39.25
Soumission,50.1
Patience,10.16
Judo: Seven Steps to Black Belt (an Introductory Guide for Beginners),53.9
"The Pioneer Woman Cooks: Dinnertime: Comfort Classics, Freezer Food, 16-Minute Meals, and Other Delicious Ways to Solve Supper!",56.41
"Lumberjanes, Vol. 2: Friendship to the Max (Lumberjanes #5-8)",46.91
"Lumberjanes, Vol. 1: Beware the Kitten Holy (Lumberjanes #1-4)",45.61
The Elephant Tree,23.82
In the Country We Love: My Family Divided,22.0
In Her Wake,12.84
Lumberjanes Vol. 3: A Terrible Plan (Lumberjanes #9-12),19.92
"Outcast, Vol. 1: A Darkness Surrounds Him (Outcast #1)",15.44
The Electric Pencil: Drawings from Inside State Hospital No. 3,56.06
Slow States of Collapse: Poems,57.31
"Unbound: How Eight Technologies Made Us Human, Transformed Society, and Brought Our World to the Brink",25.52
You can't bury them all: Poems,33.63
Libertarianism for Beginners,51.33
The Age of Genius: The Seventeenth Century and the Birth of the Modern Mind,19.73
"Rat Queens, Vol. 3: Demons (Rat Queens (Collected Editions) #11-15)",50.4
"In a Dark, Dark Wood",19.63
orange: The Complete Collection 1 (orange: The Complete Collection #1),48.41
Penny Maybe,33.29
Black Dust,34.53
Sapiens: A Brief History of Humankind,54.23
"Political Suicide: Missteps, Peccadilloes, Bad Calls, Backroom Hijinx, Sordid Pasts, Rotten Breaks, and Just Plain Dumb Mistakes in the Annals of American Politics",36.28
Chase Me (Paris Nights #2),25.27
The Four Agreements: A Practical Guide to Personal Freedom,17.66
"Our Band Could Be Your Life: Scenes from the American Indie Underground, 1981-1991",57.25
This One Summer,19.49
Behind Closed Doors,52.22
My Paris Kitchen: Recipes and Stories,33.37
Birdsong: A Story in Pictures,54.64
On a Midnight Clear,14.07
Tsubasa: WoRLD CHRoNiCLE 2 (Tsubasa WoRLD CHRoNiCLE #2),16.28
"Unseen City: The Majesty of Pigeons, the Discreet Charm of Snails & Other Wonders of the Urban Wilderness",44.18
Shakespeare's Sonnets,20.66
Olio,23.88
"Starving Hearts (Triangular Trade Trilogy, #1)",13.99
Without Borders (Wanderlove #1),45.07
"Saga, Volume 5 (Saga (Collected Editions) #5)",51.04
The Bear and the Piano,36.89
The Boys in the Boat: Nine Americans and Their Epic Quest for Gold at the 1936 Berlin Olympics,22.6
It's Only the Himalayas,45.17
"Mama Tried: Traditional Italian Cooking for the Screwed, Crude, Vegan, and Tattooed",14.02
Set Me Free,17.46
Online Marketing for Busy Authors: A Step-By-Step Guide,46.35
Join,35.67
Unicorn Tracks,18.78
"Princess Jellyfish 2-in-1 Omnibus, Vol. 01 (Princess Jellyfish 2-in-1 Omnibus #1)",13.61
"Foolproof Preserving: A Guide to Small Batch Jams, Jellies, Pickles, Condiments, and More: A Foolproof Guide to Making Small Batch Jams, Jellies, Pickles, Condiments, and More",30.52
"The Mindfulness and Acceptance Workbook for Anxiety: A Guide to Breaking Free from Anxiety, Phobias, and Worry Using Acceptance and Commitment Therapy",23.89
Spark Joy: An Illustrated Master Class on the Art of Organizing and Tidying Up,41.83
Soul Reader,39.58
Princess Between Worlds (Wide-Awake Princess #5),13.34
The Requiem Red,22.65
Scott Pilgrim's Precious Little Life (Scott Pilgrim #1),52.29
How Music Works,37.32
Maude (1883-1993):She Grew Up with the country,18.02
The Life-Changing Magic of Tidying Up: The Japanese Art of Decluttering and Organizing,16.77
A Light in the Attic,51.77
Tipping the Velvet,53.74
The Most Perfect Thing: Inside (and Outside) a Bird's Egg,42.96
Thirst,17.27
The Art Forger,40.76
Reskilling America: Learning to Labor in the Twenty-First Century,19.83
Wall and Piece,44.18
